Name,Contact,Status
Neeraj Rai ,916386341459,SENT
DIVYANSHU SINGH ,918882988142,SENT
Anurag Upadhyay ,918840194697,SENT
Aarish Ansari,918439787683,SENT
Shubham Kanoujiya ,918076272472,SENT
Syed Shadaan Rahman,919934413771,SENT
Abhinav verma,916388077010,SENT
Janhvi,919027730530,SENT
Shaswat Shreya,919507653300,SENT
Sandhya Verma ,916294271203,SENT
Dhruv Pratap Singh ,917017672442,SENT
Swastik Shambhav ,917280908080,SENT
Sunny Kumar ,917903147261,SENT
Himshikha chauhan,919193215684,SENT
SHIVALIKA YADAV ,916388087793,SENT
Deepankar kumar singh ,919190469662,PENDING
Harsh,919810608718,SENT
Divyansh Pandey ,916394353938,SENT
Adarsh Raj ,917073673112,SENT
Md Saif ,916299120881,SENT
Manisha kumari ,917970988844,SENT
Alok Kumar,917543899237,SENT
Aman Ali,917991694196,SENT
Utkarsh ,918859226204,SENT
Priyanshu Gupta,917307688652,SENT
Harshit ,919389643407,SENT
Aman Kumar ,918077419185,SENT
Rishi Raj Singh,918603964383,SENT
Abhishek kumar,918292137805,SENT
Md Aarif Hashmi,917371835876,SENT
Anish Kumar Gupta ,918260987201,SENT
Naitik kumar ,919304965901,SENT
Snehal Vats,919310580094,SENT
Akshit Pratap Singh ,918958394288,SENT
Akshit Pratap Singh ,918958394288,SENT
Prachi Rastogi ,919027307193,SENT
Ankit Kumar ,917858936356,SENT
Hirdyansh Arya,917464885354,SENT
vanshika,917877957270,SENT
Vansh Sharma,919557576228,SENT
RITIK PATEL ,917217724438,SENT
Manish Kumar ,919911867375,SENT
Deepika ,918287919450,SENT
Anshika Chaudhary ,918595484470,SENT
Om Kushwaha ,917817869327,SENT
Mahak Sharma ,917988532065,SENT
Sumit Kumar Singh ,919504105460,SENT
Dev sharma,916397605900,SENT
Taufique imran ,917091737115,SENT
Manish Sahani ,917388197123,SENT
Aditya Arman ,916207976598,SENT
Krish Aditya,916201962757,SENT
Ansh Goel,919368521321,PENDING
Krish Kumar ,917903635893,PENDING
Keshav sharma ,919457779823,PENDING
Shubham kumar,917644972990,PENDING
Ayushi Tyagi ,919625470339,PENDING
Abhinav Anand,917479987677,PENDING
Ujjawal Gautam ,919259008293,PENDING
Prachi,918445802034,PENDING
Mohammad Abdullah ,919199411463,PENDING
SHIVANSH TIWARI ,919399604286,PENDING
Shreya Goley ,919634152493,PENDING
Ashutosh Ranjan,919153551473,PENDING
Manas Sharma,917652092964,PENDING
Kavy Jain,91701748522,PENDING
Deepanshu Tomar,918750299360,PENDING
Ayush bharti ,917457927787,PENDING
Adarsh Kumar Verma,916392645167,PENDING
HARSHIT PANDEY,918090847777,PENDING
Harsh Raj,918271519005,PENDING
SHUBHAM ,918210987967,PENDING
Aditya Kumar ,918298803997,PENDING
Palak katal,919465972369,PENDING
AARYAN KUMAR ,919525142143,PENDING
Saurabh Kumar ,919835649320,PENDING
VIVEK KUMAR ,919576778817,PENDING
Saurabh kumar ,919835649320,PENDING
Dhanraj Kumar ,919304601654,PENDING
Rohit Yadav ,918266911663,PENDING
Govind raj,916299068864,PENDING
Saukat Majumder ,919863350290,PENDING
Shubham solanki ,916397615467,PENDING
Sharad Singh,919935157330,PENDING
ABHAY pal ,919559188466,PENDING
Sharad Singh,919935157330,PENDING
Ganesh kumar,917283052364,PENDING
Huzifa Choudhary ,919216378449,PENDING
OMVEER SHARMA ,916398608906,PENDING
MD SAMEER PARWEZ ,916299012369,PENDING
Prince Darji,919983086753,PENDING
Suman kumar ,919801426907,PENDING
Arindam Yadav,918744808608,PENDING
SALONI SINGH,918874641053,PENDING
Saurav Kumar ,918178591397,PENDING
Jyotisman Medhi ,919365556468,PENDING
Nikhil Kumar Singh ,916204648503,PENDING
Sudhanshu kunar,918789886012,PENDING
Sidhi,918383828532,PENDING
